{"v":"5.6.4","fr":60,"ip":0,"op":140,"w":1080,"h":1080,"nm":"Chart In","ddd":0,"assets":[],"layers":[{"ddd":0,"ind":1,"ty":4,"nm":"Layer 6 Outlines","sr":1,"ks":{"o":{"a":0,"k":100,"ix":11},"r":{"a":0,"k":0,"ix":10},"p":{"a":1,"k":[{"i":{"x":0.6,"y":1},"o":{"x":0.2,"y":0},"t":94,"s":[575,300,0],"to":[0,28.333,0],"ti":[0,-28.333,0]},{"t":134,"s":[575.521,389.901,0]}],"ix":2},"a":{"a":0,"k":[146.225,179.031,0],"ix":1},"s":{"a":0,"k":[65,65,100],"ix":6}},"ao":0,"ef":[{"ty":5,"nm":"Change to Color","np":13,"mn":"ADBE Change To Color","ix":1,"en":1,"ef":[{"ty":2,"nm":"From","mn":"ADBE Change To Color-0001","ix":1,"v":{"a":0,"k":[0.301960796118,0.305882364511,0.313725501299,1],"ix":1}},{"ty":2,"nm":"To","mn":"ADBE Change To Color-0002","ix":2,"v":{"a":0,"k":[0.945098102093,0.074509806931,0.168627455831,1],"ix":2}},{"ty":7,"nm":"Change","mn":"ADBE Change To Color-0003","ix":3,"v":{"a":0,"k":4,"ix":3}},{"ty":7,"nm":"Change By","mn":"ADBE Change To Color-0004","ix":4,"v":{"a":0,"k":2,"ix":4}},{"ty":6,"nm":"Tolerance","mn":"ADBE Change To Color-0010","ix":5,"v":0},{"ty":0,"nm":"Hue","mn":"ADBE Change To Color-0005","ix":6,"v":{"a":0,"k":0.1,"ix":6}},{"ty":0,"nm":"Lightness","mn":"ADBE Change To Color-0006","ix":7,"v":{"a":0,"k":1,"ix":7}},{"ty":0,"nm":"Saturation","mn":"ADBE Change To Color-0007","ix":8,"v":{"a":0,"k":1,"ix":8}},{"ty":6,"nm":"Saturation","mn":"ADBE Change To Color-0011","ix":9,"v":0},{"ty":0,"nm":"Softness","mn":"ADBE Change To Color-0008","ix":10,"v":{"a":0,"k":0.5,"ix":10}},{"ty":7,"nm":"View Correction Matte","mn":"ADBE Change To Color-0009","ix":11,"v":{"a":0,"k":0,"ix":11}}]}],"shapes":[{"ty":"gr","it":[{"ind":0,"ty":"sh","ix":1,"ks":{"a":0,"k":{"i":[[20.22,0],[0,0],[0,0],[16.2,0],[0,0],[0,-16.215],[0,0],[0,0],[-12.083,-16.243],[0,0],[-12.092,-16.223],[0,0],[-12.084,16.223],[0,0],[-12.083,16.219],[0,0]],"o":[[0,0],[0,0],[0,-16.215],[0,0],[-16.207,0],[0,0],[0,0],[-20.235,0],[0,0],[12.092,16.219],[0,0],[12.083,16.223],[0,0],[12.085,-16.223],[0,0],[12.067,-16.243]],"v":[[119.091,-17.17],[73.362,-17.17],[73.362,-149.418],[44.022,-178.782],[-44.023,-178.782],[-73.352,-149.418],[-73.352,-17.17],[-119.083,-17.17],[-133.891,12.327],[-99.893,57.954],[-55.963,116.916],[-21.964,162.559],[21.975,162.559],[55.97,116.916],[99.91,57.954],[133.907,12.327]],"c":true},"ix":2},"nm":"Path 1","mn":"ADBE Vector Shape - Group","hd":false},{"ty":"fl","c":{"a":0,"k":[1,0.117892149383,0.283935995663,1],"ix":4},"o":{"a":0,"k":100,"ix":5},"r":1,"bm":0,"nm":"Fill 1","mn":"ADBE Vector Graphic - Fill","hd":false},{"ty":"tr","p":{"a":0,"k":[146.224,179.032],"ix":2},"a":{"a":0,"k":[0,0],"ix":1},"s":{"a":0,"k":[100,100],"ix":3},"r":{"a":0,"k":0,"ix":6},"o":{"a":0,"k":100,"ix":7},"sk":{"a":0,"k":0,"ix":4},"sa":{"a":0,"k":0,"ix":5},"nm":"Transform"}],"nm":"Group 1","np":2,"cix":2,"bm":0,"ix":1,"mn":"ADBE Vector Group","hd":false}],"ip":94,"op":134,"st":54,"bm":0},{"ddd":0,"ind":2,"ty":4,"nm":"Layer 4 Outlines","sr":1,"ks":{"o":{"a":0,"k":100,"ix":11},"r":{"a":0,"k":0,"ix":10},"p":{"a":1,"k":[{"i":{"x":0.6,"y":1},"o":{"x":0.2,"y":0},"t":39,"s":[575,300,0],"to":[0,28.333,0],"ti":[0,-28.333,0]},{"t":79,"s":[575.521,389.901,0]}],"ix":2},"a":{"a":0,"k":[146.225,179.031,0],"ix":1},"s":{"a":0,"k":[65,65,100],"ix":6}},"ao":0,"ef":[{"ty":5,"nm":"Change to Color","np":13,"mn":"ADBE Change To Color","ix":1,"en":1,"ef":[{"ty":2,"nm":"From","mn":"ADBE Change To Color-0001","ix":1,"v":{"a":0,"k":[0.301960796118,0.305882364511,0.313725501299,1],"ix":1}},{"ty":2,"nm":"To","mn":"ADBE Change To Color-0002","ix":2,"v":{"a":0,"k":[0.945098102093,0.074509806931,0.168627455831,1],"ix":2}},{"ty":7,"nm":"Change","mn":"ADBE Change To Color-0003","ix":3,"v":{"a":0,"k":4,"ix":3}},{"ty":7,"nm":"Change By","mn":"ADBE Change To Color-0004","ix":4,"v":{"a":0,"k":2,"ix":4}},{"ty":6,"nm":"Tolerance","mn":"ADBE Change To Color-0010","ix":5,"v":0},{"ty":0,"nm":"Hue","mn":"ADBE Change To Color-0005","ix":6,"v":{"a":0,"k":0.1,"ix":6}},{"ty":0,"nm":"Lightness","mn":"ADBE Change To Color-0006","ix":7,"v":{"a":0,"k":1,"ix":7}},{"ty":0,"nm":"Saturation","mn":"ADBE Change To Color-0007","ix":8,"v":{"a":0,"k":1,"ix":8}},{"ty":6,"nm":"Saturation","mn":"ADBE Change To Color-0011","ix":9,"v":0},{"ty":0,"nm":"Softness","mn":"ADBE Change To Color-0008","ix":10,"v":{"a":0,"k":0.5,"ix":10}},{"ty":7,"nm":"View Correction Matte","mn":"ADBE Change To Color-0009","ix":11,"v":{"a":0,"k":0,"ix":11}}]}],"shapes":[{"ty":"gr","it":[{"ind":0,"ty":"sh","ix":1,"ks":{"a":0,"k":{"i":[[20.22,0],[0,0],[0,0],[16.2,0],[0,0],[0,-16.215],[0,0],[0,0],[-12.083,-16.243],[0,0],[-12.092,-16.223],[0,0],[-12.084,16.223],[0,0],[-12.083,16.219],[0,0]],"o":[[0,0],[0,0],[0,-16.215],[0,0],[-16.207,0],[0,0],[0,0],[-20.235,0],[0,0],[12.092,16.219],[0,0],[12.083,16.223],[0,0],[12.085,-16.223],[0,0],[12.067,-16.243]],"v":[[119.091,-17.17],[73.362,-17.17],[73.362,-149.418],[44.022,-178.782],[-44.023,-178.782],[-73.352,-149.418],[-73.352,-17.17],[-119.083,-17.17],[-133.891,12.327],[-99.893,57.954],[-55.963,116.916],[-21.964,162.559],[21.975,162.559],[55.97,116.916],[99.91,57.954],[133.907,12.327]],"c":true},"ix":2},"nm":"Path 1","mn":"ADBE Vector Shape - Group","hd":false},{"ty":"fl","c":{"a":0,"k":[1,0.117892149383,0.283935995663,1],"ix":4},"o":{"a":0,"k":100,"ix":5},"r":1,"bm":0,"nm":"Fill 1","mn":"ADBE Vector Graphic - Fill","hd":false},{"ty":"tr","p":{"a":0,"k":[146.224,179.032],"ix":2},"a":{"a":0,"k":[0,0],"ix":1},"s":{"a":0,"k":[100,100],"ix":3},"r":{"a":0,"k":0,"ix":6},"o":{"a":0,"k":100,"ix":7},"sk":{"a":0,"k":0,"ix":4},"sa":{"a":0,"k":0,"ix":5},"nm":"Transform"}],"nm":"Group 1","np":2,"cix":2,"bm":0,"ix":1,"mn":"ADBE Vector Group","hd":false}],"ip":39,"op":79,"st":4,"bm":0},{"ddd":0,"ind":3,"ty":4,"nm":"Layer 5 Outlines","sr":1,"ks":{"o":{"a":0,"k":100,"ix":11},"r":{"a":1,"k":[{"i":{"x":[0.6],"y":[1]},"o":{"x":[0.167],"y":[0]},"t":0,"s":[0]},{"i":{"x":[0.6],"y":[1]},"o":{"x":[0.2],"y":[0]},"t":15,"s":[0]},{"i":{"x":[0.8],"y":[1]},"o":{"x":[0.2],"y":[0]},"t":28,"s":[15]},{"t":39,"s":[0]}],"ix":10},"p":{"a":1,"k":[{"i":{"x":0.833,"y":0.833},"o":{"x":0.167,"y":0.167},"t":0,"s":[-116.279,831.095,0],"to":[82.844,0,0],"ti":[-50.678,0,0]},{"t":15,"s":[838,831.095,0]}],"ix":2},"a":{"a":0,"k":[846.337,786.402,0],"ix":1},"s":{"a":0,"k":[75,75,100],"ix":6}},"ao":0,"ef":[{"ty":5,"nm":"Change to Color","np":13,"mn":"ADBE Change To Color","ix":1,"en":1,"ef":[{"ty":2,"nm":"From","mn":"ADBE Change To Color-0001","ix":1,"v":{"a":0,"k":[0.301960796118,0.305882364511,0.313725501299,1],"ix":1}},{"ty":2,"nm":"To","mn":"ADBE Change To Color-0002","ix":2,"v":{"a":0,"k":[0.945098042488,0.078431375325,0.168627455831,1],"ix":2}},{"ty":7,"nm":"Change","mn":"ADBE Change To Color-0003","ix":3,"v":{"a":0,"k":4,"ix":3}},{"ty":7,"nm":"Change By","mn":"ADBE Change To Color-0004","ix":4,"v":{"a":0,"k":2,"ix":4}},{"ty":6,"nm":"Tolerance","mn":"ADBE Change To Color-0010","ix":5,"v":0},{"ty":0,"nm":"Hue","mn":"ADBE Change To Color-0005","ix":6,"v":{"a":0,"k":0.1,"ix":6}},{"ty":0,"nm":"Lightness","mn":"ADBE Change To Color-0006","ix":7,"v":{"a":0,"k":1,"ix":7}},{"ty":0,"nm":"Saturation","mn":"ADBE Change To Color-0007","ix":8,"v":{"a":0,"k":1,"ix":8}},{"ty":6,"nm":"Saturation","mn":"ADBE Change To Color-0011","ix":9,"v":0},{"ty":0,"nm":"Softness","mn":"ADBE Change To Color-0008","ix":10,"v":{"a":0,"k":0.5,"ix":10}},{"ty":7,"nm":"View Correction Matte","mn":"ADBE Change To Color-0009","ix":11,"v":{"a":0,"k":0,"ix":11}}]}],"shapes":[{"ty":"gr","it":[{"ind":0,"ty":"sh","ix":1,"ks":{"a":0,"k":{"i":[[26.452,6.073],[6.089,-26.46],[0,0],[0,0],[0,0],[11.988,6.617],[0,0],[13.09,-23.804],[-23.784,-13.082],[0,0],[0,0],[0,0],[0,-8.604],[0,0],[-15.359,-0.2],[0,0],[0,-16.244],[-31.024,0],[0,31.04],[10.293,10.182],[0,0],[0,-13.168],[-31.024,0],[0,31.04],[7.001,9.383],[0,0],[0,0],[-0.223,15.384],[15.512,0.223],[0,0],[0,0],[0,0],[-4.748,-0.016],[0,0],[0,0],[-5.132,22.345],[0,0]],"o":[[-26.47,-6.054],[0,0],[0,0],[0,0],[-3.333,-13.271],[0,0],[-23.8,-13.066],[-13.074,23.78],[0,0],[0,0],[0,0],[-6.753,5.338],[0,0],[0,15.372],[0,0],[-11.021,10.257],[0,31.04],[31.024,0],[0,-15.617],[0,0],[-7.584,9.587],[0,31.04],[31.025,0],[0,-12.576],[0,0],[0,0],[15.32,0],[0.224,-15.508],[0,0],[0,0],[0,0],[4.363,1.31],[0,0],[0,0],[22.889,0],[0,0],[6.058,-26.461]],"v":[[400.711,-183.694],[341.787,-146.8],[285.053,100.267],[-143.039,96.316],[-246.196,-316.251],[-270.204,-347.423],[-363.835,-398.903],[-430.616,-379.502],[-411.212,-312.743],[-336.376,-271.596],[-231.3,148.622],[-287.89,193.289],[-298.567,215.342],[-298.567,285.562],[-270.876,313.653],[-191.588,314.784],[-209.609,355.795],[-153.427,411.969],[-97.245,355.795],[-113.948,315.883],[256.873,321.09],[244.566,355.795],[300.748,411.969],[356.931,355.795],[345.646,322.344],[393.99,323.023],[394.397,323.023],[422.48,295.336],[394.781,266.841],[-242.392,257.875],[-242.392,228.961],[-195.639,192.074],[-181.974,194.272],[323.653,198.97],[324.116,198.97],[372.028,160.802],[437.632,-124.795]],"c":true},"ix":2},"nm":"Path 1","mn":"ADBE Vector Shape - Group","hd":false},{"ty":"fl","c":{"a":0,"k":[1,0.117892149383,0.283935995663,1],"ix":4},"o":{"a":0,"k":100,"ix":5},"r":1,"bm":0,"nm":"Fill 1","mn":"ADBE Vector Graphic - Fill","hd":false},{"ty":"tr","p":{"a":0,"k":[443.94,412.219],"ix":2},"a":{"a":0,"k":[0,0],"ix":1},"s":{"a":0,"k":[100,100],"ix":3},"r":{"a":0,"k":0,"ix":6},"o":{"a":0,"k":100,"ix":7},"sk":{"a":0,"k":0,"ix":4},"sa":{"a":0,"k":0,"ix":5},"nm":"Transform"}],"nm":"Group 1","np":2,"cix":2,"bm":0,"ix":1,"mn":"ADBE Vector Group","hd":false}],"ip":0,"op":140,"st":0,"bm":0}],"markers":[]}